<?xml version="1.0" encoding="UTF-8"?>
<project-private xmlns="http://www.netbeans.org/ns/project-private/1">
    <editor-bookmarks xmlns="http://www.netbeans.org/ns/editor-bookmarks/2" lastBookmarkId="0"/>
    <open-files xmlns="http://www.netbeans.org/ns/projectui-open-files/2">
        <group>
            <file>file:/C:/Users/Giorgos/Desktop/University/java/fash%202%20mahjong/Majong_Phase02/src/Character_Tile.java</file>
            <file>file:/C:/Users/Giorgos/Desktop/University/java/fash%202%20mahjong/Majong_Phase02/src/Board.java</file>
            <file>file:/C:/Users/Giorgos/Desktop/University/java/fash%202%20mahjong/Majong_Phase02/src/Main.java</file>
        </group>
    </open-files>
</project-private>
